"Loan_ID","Gender","Married","Dependents","Education","Self_Employed","ApplicantIncome","CoapplicantIncome","LoanAmount","Loan_Amount_Term","Credit_History","Property_Area","outcome"
"LP001002","Male","No","0","Graduate","No",5849,0,NA,360,1,"Urban","Y"
"LP001003","Male","Yes","1","Graduate","No",4583,1508,128,360,1,"Rural","N"
"LP001005","Male","Yes","0","Graduate","Yes",3000,0,66,360,1,"Urban","Y"
"LP001008","Male","No","0","Graduate","No",6000,0,141,360,1,"Urban","Y"
"LP001013","Male","Yes","0","Not Graduate","No",2333,1516,95,360,1,"Urban","Y"
"LP001014","Male","Yes","3+","Graduate","No",3036,2504,158,360,0,"Semiurban","N"
"LP001018","Male","Yes","2","Graduate","No",4006,1526,168,360,1,"Urban","Y"
"LP001027","Male","Yes","2","Graduate","",2500,1840,109,360,1,"Urban","Y"
"LP001028","Male","Yes","2","Graduate","No",3073,8106,200,360,1,"Urban","Y"
"LP001029","Male","No","0","Graduate","No",1853,2840,114,360,1,"Rural","N"
"LP001030","Male","Yes","2","Graduate","No",1299,1086,17,120,1,"Urban","Y"
"LP001032","Male","No","0","Graduate","No",4950,0,125,360,1,"Urban","Y"
"LP001036","Female","No","0","Graduate","No",3510,0,76,360,0,"Urban","N"
"LP001041","Male","Yes","0","Graduate","",2600,3500,115,NA,1,"Urban","Y"
"LP001043","Male","Yes","0","Not Graduate","No",7660,0,104,360,0,"Urban","N"
"LP001046","Male","Yes","1","Graduate","No",5955,5625,315,360,1,"Urban","Y"
"LP001052","Male","Yes","1","Graduate","",3717,2925,151,360,NA,"Semiurban","N"
"LP001066","Male","Yes","0","Graduate","Yes",9560,0,191,360,1,"Semiurban","Y"
"LP001068","Male","Yes","0","Graduate","No",2799,2253,122,360,1,"Semiurban","Y"
"LP001073","Male","Yes","2","Not Graduate","No",4226,1040,110,360,1,"Urban","Y"
"LP001086","Male","No","0","Not Graduate","No",1442,0,35,360,1,"Urban","N"
"LP001091","Male","Yes","1","Graduate","",4166,3369,201,360,NA,"Urban","N"
"LP001097","Male","No","1","Graduate","Yes",4692,0,106,360,1,"Rural","N"
"LP001098","Male","Yes","0","Graduate","No",3500,1667,114,360,1,"Semiurban","Y"
"LP001100","Male","No","3+","Graduate","No",12500,3000,320,360,1,"Rural","N"
"LP001112","Female","Yes","0","Graduate","No",3667,1459,144,360,1,"Semiurban","Y"
"LP001114","Male","No","0","Graduate","No",4166,7210,184,360,1,"Urban","Y"
"LP001116","Male","No","0","Not Graduate","No",3748,1668,110,360,1,"Semiurban","Y"
"LP001119","Male","No","0","Graduate","No",3600,0,80,360,1,"Urban","N"
"LP001120","Male","No","0","Graduate","No",1800,1213,47,360,1,"Urban","Y"
"LP001131","Male","Yes","0","Graduate","No",3941,2336,134,360,1,"Semiurban","Y"
"LP001137","Female","No","0","Graduate","No",3410,0,88,NA,1,"Urban","Y"
"LP001138","Male","Yes","1","Graduate","No",5649,0,44,360,1,"Urban","Y"
"LP001144","Male","Yes","0","Graduate","No",5821,0,144,360,1,"Urban","Y"
"LP001155","Female","Yes","0","Not Graduate","No",1928,1644,100,360,1,"Semiurban","Y"
"LP001157","Female","No","0","Graduate","No",3086,0,120,360,1,"Semiurban","Y"
"LP001164","Female","No","0","Graduate","No",4230,0,112,360,1,"Semiurban","N"
"LP001179","Male","Yes","2","Graduate","No",4616,0,134,360,1,"Urban","N"
"LP001186","Female","Yes","1","Graduate","Yes",11500,0,286,360,0,"Urban","N"
"LP001195","Male","Yes","0","Graduate","No",2132,1591,96,360,1,"Semiurban","Y"
"LP001198","Male","Yes","1","Graduate","No",8080,2250,180,360,1,"Urban","Y"
"LP001199","Male","Yes","2","Not Graduate","No",3357,2859,144,360,1,"Urban","Y"
"LP001205","Male","Yes","0","Graduate","No",2500,3796,120,360,1,"Urban","Y"
"LP001213","Male","Yes","1","Graduate","No",4945,0,NA,360,0,"Rural","N"
"LP001222","Female","No","0","Graduate","No",4166,0,116,360,0,"Semiurban","N"
"LP001225","Male","Yes","0","Graduate","No",5726,4595,258,360,1,"Semiurban","N"
"LP001228","Male","No","0","Not Graduate","No",3200,2254,126,180,0,"Urban","N"
"LP001233","Male","Yes","1","Graduate","No",10750,0,312,360,1,"Urban","Y"
"LP001241","Female","No","0","Graduate","No",4300,0,136,360,0,"Semiurban","N"
"LP001245","Male","Yes","2","Not Graduate","Yes",1875,1875,97,360,1,"Semiurban","Y"
"LP001248","Male","No","0","Graduate","No",3500,0,81,300,1,"Semiurban","Y"
"LP001250","Male","Yes","3+","Not Graduate","No",4755,0,95,NA,0,"Semiurban","N"
"LP001256","Male","No","0","Graduate","No",3750,4750,176,360,1,"Urban","N"
"LP001259","Male","Yes","1","Graduate","Yes",1000,3022,110,360,1,"Urban","N"
"LP001263","Male","Yes","3+","Graduate","No",3167,4000,180,300,0,"Semiurban","N"
"LP001264","Male","Yes","3+","Not Graduate","Yes",3333,2166,130,360,NA,"Semiurban","Y"
"LP001265","Female","No","0","Graduate","No",3846,0,111,360,1,"Semiurban","Y"
"LP001267","Female","Yes","2","Graduate","No",1378,1881,167,360,1,"Urban","N"
"LP001275","Male","Yes","1","Graduate","No",3988,0,50,240,1,"Urban","Y"
"LP001279","Male","No","0","Graduate","No",2366,2531,136,360,1,"Semiurban","Y"
"LP001280","Male","Yes","2","Not Graduate","No",3333,2000,99,360,NA,"Semiurban","Y"
"LP001310","Male","Yes","0","Graduate","No",5695,4167,175,360,1,"Semiurban","Y"
"LP001316","Male","Yes","0","Graduate","No",2958,2900,131,360,1,"Semiurban","Y"
"LP001318","Male","Yes","2","Graduate","No",6250,5654,188,180,1,"Semiurban","Y"
"LP001319","Male","Yes","2","Not Graduate","No",3273,1820,81,360,1,"Urban","Y"
"LP001322","Male","No","0","Graduate","No",4133,0,122,360,1,"Semiurban","Y"
"LP001326","Male","No","0","Graduate","",6782,0,NA,360,NA,"Urban","N"
"LP001333","Male","Yes","0","Graduate","No",1977,997,50,360,1,"Semiurban","Y"
"LP001334","Male","Yes","0","Not Graduate","No",4188,0,115,180,1,"Semiurban","Y"
"LP001343","Male","Yes","0","Graduate","No",1759,3541,131,360,1,"Semiurban","Y"
"LP001350","Male","Yes","","Graduate","No",13650,0,NA,360,1,"Urban","Y"
"LP001356","Male","Yes","0","Graduate","No",4652,3583,NA,360,1,"Semiurban","Y"
"LP001357","Male","","","Graduate","No",3816,754,160,360,1,"Urban","Y"
"LP001367","Male","Yes","1","Graduate","No",3052,1030,100,360,1,"Urban","Y"
"LP001369","Male","Yes","2","Graduate","No",11417,1126,225,360,1,"Urban","Y"
"LP001379","Male","Yes","2","Graduate","No",3800,3600,216,360,0,"Urban","N"
"LP001385","Male","No","0","Graduate","No",5316,0,136,360,1,"Urban","Y"
"LP001387","Female","Yes","0","Graduate","",2929,2333,139,360,1,"Semiurban","Y"
"LP001391","Male","Yes","0","Not Graduate","No",3572,4114,152,NA,0,"Rural","N"
"LP001401","Male","Yes","1","Graduate","No",14583,0,185,180,1,"Rural","Y"
"LP001404","Female","Yes","0","Graduate","No",3167,2283,154,360,1,"Semiurban","Y"
"LP001405","Male","Yes","1","Graduate","No",2214,1398,85,360,NA,"Urban","Y"
"LP001421","Male","Yes","0","Graduate","No",5568,2142,175,360,1,"Rural","N"
"LP001422","Female","No","0","Graduate","No",10408,0,259,360,1,"Urban","Y"
"LP001430","Female","No","0","Graduate","No",4166,0,44,360,1,"Semiurban","Y"
"LP001432","Male","Yes","2","Graduate","No",2957,0,81,360,1,"Semiurban","Y"
"LP001439","Male","Yes","0","Not Graduate","No",4300,2014,194,360,1,"Rural","Y"
"LP001443","Female","No","0","Graduate","No",3692,0,93,360,NA,"Rural","Y"
"LP001451","Male","Yes","1","Graduate","Yes",10513,3850,160,180,0,"Urban","N"
"LP001465","Male","Yes","0","Graduate","No",6080,2569,182,360,NA,"Rural","N"
"LP001469","Male","No","0","Graduate","Yes",20166,0,650,480,NA,"Urban","Y"
"LP001473","Male","No","0","Graduate","No",2014,1929,74,360,1,"Urban","Y"
"LP001478","Male","No","0","Graduate","No",2718,0,70,360,1,"Semiurban","Y"
"LP001487","Male","No","0","Graduate","No",4895,0,102,360,1,"Semiurban","Y"
"LP001489","Female","Yes","0","Graduate","No",4583,0,84,360,1,"Rural","N"
"LP001491","Male","Yes","2","Graduate","Yes",3316,3500,88,360,1,"Urban","Y"
"LP001492","Male","No","0","Graduate","No",14999,0,242,360,0,"Semiurban","N"
"LP001498","Male","No","0","Graduate","No",5417,0,168,360,1,"Urban","Y"
"LP001504","Male","No","0","Graduate","Yes",6950,0,175,180,1,"Semiurban","Y"
"LP001507","Male","Yes","0","Graduate","No",2698,2034,122,360,1,"Semiurban","Y"
"LP001508","Male","Yes","2","Graduate","No",11757,0,187,180,1,"Urban","Y"
"LP001514","Female","Yes","0","Graduate","No",2330,4486,100,360,1,"Semiurban","Y"
"LP001518","Male","Yes","1","Graduate","No",1538,1425,30,360,1,"Urban","Y"
"LP001520","Male","Yes","0","Graduate","No",4860,830,125,360,1,"Semiurban","Y"
"LP001528","Male","No","0","Graduate","No",6277,0,118,360,0,"Rural","N"
"LP001529","Male","Yes","0","Graduate","Yes",2577,3750,152,360,1,"Rural","Y"
"LP001535","Male","No","0","Graduate","No",3254,0,50,360,1,"Urban","Y"
"LP001536","Male","Yes","3+","Graduate","No",39999,0,600,180,0,"Semiurban","Y"
"LP001541","Male","Yes","1","Graduate","No",6000,0,160,360,NA,"Rural","Y"
"LP001543","Male","Yes","1","Graduate","No",9538,0,187,360,1,"Urban","Y"
"LP001546","Male","No","0","Graduate","",2980,2083,120,360,1,"Rural","Y"
"LP001560","Male","Yes","0","Not Graduate","No",1863,1041,98,360,1,"Semiurban","Y"
"LP001565","Male","Yes","1","Graduate","No",3089,1280,121,360,0,"Semiurban","N"
"LP001570","Male","Yes","2","Graduate","No",4167,1447,158,360,1,"Rural","Y"
"LP001572","Male","Yes","0","Graduate","No",9323,0,75,180,1,"Urban","Y"
"LP001578","Male","Yes","0","Graduate","No",2439,3333,129,360,1,"Rural","Y"
"LP001579","Male","No","0","Graduate","No",2237,0,63,480,0,"Semiurban","N"
"LP001580","Male","Yes","2","Graduate","No",8000,0,200,360,1,"Semiurban","Y"
"LP001581","Male","Yes","0","Not Graduate","",1820,1769,95,360,1,"Rural","Y"
"LP001585","","Yes","3+","Graduate","No",51763,0,700,300,1,"Urban","Y"
"LP001594","Male","Yes","0","Graduate","No",5708,5625,187,360,1,"Semiurban","Y"
"LP001606","Male","Yes","0","Graduate","No",3497,1964,116,360,1,"Rural","Y"
"LP001608","Male","Yes","2","Graduate","No",2045,1619,101,360,1,"Rural","Y"
"LP001610","Male","Yes","3+","Graduate","No",5516,11300,495,360,0,"Semiurban","N"
"LP001633","Male","Yes","1","Graduate","No",6400,7250,180,360,0,"Urban","N"
"LP001634","Male","No","0","Graduate","No",1916,5063,67,360,NA,"Rural","N"
"LP001636","Male","Yes","0","Graduate","No",4600,0,73,180,1,"Semiurban","Y"
"LP001637","Male","Yes","1","Graduate","No",33846,0,260,360,1,"Semiurban","N"
"LP001639","Female","Yes","0","Graduate","No",3625,0,108,360,1,"Semiurban","Y"
"LP001641","Male","Yes","1","Graduate","Yes",2178,0,66,300,0,"Rural","N"
"LP001644","","Yes","0","Graduate","Yes",674,5296,168,360,1,"Rural","Y"
"LP001647","Male","Yes","0","Graduate","No",9328,0,188,180,1,"Rural","Y"
"LP001653","Male","No","0","Not Graduate","No",4885,0,48,360,1,"Rural","Y"
"LP001658","Male","No","0","Graduate","No",3858,0,76,360,1,"Semiurban","Y"
"LP001664","Male","No","0","Graduate","No",4191,0,120,360,1,"Rural","Y"
"LP001665","Male","Yes","1","Graduate","No",3125,2583,170,360,1,"Semiurban","N"
"LP001666","Male","No","0","Graduate","No",8333,3750,187,360,1,"Rural","Y"
"LP001669","Female","No","0","Not Graduate","No",1907,2365,120,NA,1,"Urban","Y"
"LP001673","Male","No","0","Graduate","Yes",11000,0,83,360,1,"Urban","N"
"LP001677","Male","No","2","Graduate","No",4923,0,166,360,0,"Semiurban","Y"
"LP001682","Male","Yes","3+","Not Graduate","No",3992,0,NA,180,1,"Urban","N"
"LP001688","Male","Yes","1","Not Graduate","No",3500,1083,135,360,1,"Urban","Y"
"LP001693","Female","No","0","Graduate","No",3244,0,80,360,1,"Urban","Y"
"LP001698","Male","No","0","Not Graduate","No",3975,2531,55,360,1,"Rural","Y"
"LP001699","Male","No","0","Graduate","No",2479,0,59,360,1,"Urban","Y"
"LP001702","Male","No","0","Graduate","No",3418,0,127,360,1,"Semiurban","N"
"LP001708","Female","No","0","Graduate","No",10000,0,214,360,1,"Semiurban","N"
"LP001713","Male","Yes","1","Graduate","Yes",7787,0,240,360,1,"Urban","Y"
"LP001716","Male","Yes","0","Graduate","No",3173,3021,137,360,1,"Urban","Y"
"LP001720","Male","Yes","3+","Not Graduate","No",3850,983,100,360,1,"Semiurban","Y"
"LP001722","Male","Yes","0","Graduate","No",150,1800,135,360,1,"Rural","N"
"LP001734","Female","Yes","2","Graduate","No",4283,2383,127,360,NA,"Semiurban","Y"
"LP001736","Male","Yes","0","Graduate","No",2221,0,60,360,0,"Urban","N"
"LP001743","Male","Yes","2","Graduate","No",4009,1717,116,360,1,"Semiurban","Y"
"LP001744","Male","No","0","Graduate","No",2971,2791,144,360,1,"Semiurban","Y"
"LP001749","Male","Yes","0","Graduate","No",7578,1010,175,NA,1,"Semiurban","Y"
"LP001751","Male","Yes","0","Graduate","No",3250,0,170,360,1,"Rural","N"
"LP001758","Male","Yes","2","Graduate","No",6250,1695,210,360,1,"Semiurban","Y"
"LP001760","Male","","","Graduate","No",4758,0,158,480,1,"Semiurban","Y"
"LP001761","Male","No","0","Graduate","Yes",6400,0,200,360,1,"Rural","Y"
"LP001770","Male","No","0","Not Graduate","No",3189,2598,120,NA,1,"Rural","Y"
"LP001776","Female","No","0","Graduate","No",8333,0,280,360,1,"Semiurban","Y"
"LP001778","Male","Yes","1","Graduate","No",3155,1779,140,360,1,"Semiurban","Y"
"LP001784","Male","Yes","1","Graduate","No",5500,1260,170,360,1,"Rural","Y"
"LP001786","Male","Yes","0","Graduate","",5746,0,255,360,NA,"Urban","N"
"LP001790","Female","No","1","Graduate","No",3812,0,112,360,1,"Rural","Y"
"LP001798","Male","Yes","2","Graduate","No",5819,5000,120,360,1,"Rural","Y"
"LP001800","Male","Yes","1","Not Graduate","No",2510,1983,140,180,1,"Urban","N"
"LP001806","Male","No","0","Graduate","No",2965,5701,155,60,1,"Urban","Y"
"LP001813","Male","No","0","Graduate","Yes",6050,4333,120,180,1,"Urban","N"
"LP001814","Male","Yes","2","Graduate","No",9703,0,112,360,1,"Urban","Y"
"LP001819","Male","Yes","1","Not Graduate","No",6608,0,137,180,1,"Urban","Y"
"LP001824","Male","Yes","1","Graduate","No",2882,1843,123,480,1,"Semiurban","Y"
"LP001825","Male","Yes","0","Graduate","No",1809,1868,90,360,1,"Urban","Y"
"LP001836","Female","No","2","Graduate","No",3427,0,138,360,1,"Urban","N"
"LP001843","Male","Yes","1","Not Graduate","No",2661,7101,279,180,1,"Semiurban","Y"
"LP001844","Male","No","0","Graduate","Yes",16250,0,192,360,0,"Urban","N"
"LP001846","Female","No","3+","Graduate","No",3083,0,255,360,1,"Rural","Y"
"LP001859","Male","Yes","0","Graduate","No",14683,2100,304,360,1,"Rural","N"
"LP001864","Male","Yes","3+","Not Graduate","No",4931,0,128,360,NA,"Semiurban","N"
"LP001865","Male","Yes","1","Graduate","No",6083,4250,330,360,NA,"Urban","Y"
"LP001868","Male","No","0","Graduate","No",2060,2209,134,360,1,"Semiurban","Y"
"LP001870","Female","No","1","Graduate","No",3481,0,155,36,1,"Semiurban","N"
"LP001872","Male","No","0","Graduate","Yes",5166,0,128,360,1,"Semiurban","Y"
"LP001877","Male","Yes","2","Graduate","No",4708,1387,150,360,1,"Semiurban","Y"
"LP001882","Male","Yes","3+","Graduate","No",4333,1811,160,360,0,"Urban","Y"
"LP001883","Female","No","0","Graduate","",3418,0,135,360,1,"Rural","N"
"LP001891","Male","Yes","0","Graduate","No",11146,0,136,360,1,"Urban","Y"
"LP001892","Male","No","0","Graduate","No",2833,1857,126,360,1,"Rural","Y"
"LP001894","Male","Yes","0","Graduate","No",2620,2223,150,360,1,"Semiurban","Y"
"LP001896","Male","Yes","2","Graduate","No",3900,0,90,360,1,"Semiurban","Y"
"LP001900","Male","Yes","1","Graduate","No",2750,1842,115,360,1,"Semiurban","Y"
"LP001904","Male","Yes","0","Graduate","No",3103,1300,80,360,1,"Urban","Y"
"LP001908","Female","Yes","0","Not Graduate","No",4100,0,124,360,NA,"Rural","Y"
"LP001910","Male","No","1","Not Graduate","Yes",4053,2426,158,360,0,"Urban","N"
"LP001914","Male","Yes","0","Graduate","No",3927,800,112,360,1,"Semiurban","Y"
"LP001922","Male","Yes","0","Graduate","No",20667,0,NA,360,1,"Rural","N"
"LP001924","Male","No","0","Graduate","No",3158,3053,89,360,1,"Rural","Y"
"LP001925","Female","No","0","Graduate","Yes",2600,1717,99,300,1,"Semiurban","N"
"LP001926","Male","Yes","0","Graduate","No",3704,2000,120,360,1,"Rural","Y"
"LP001931","Female","No","0","Graduate","No",4124,0,115,360,1,"Semiurban","Y"
"LP001936","Male","Yes","0","Graduate","No",3075,2416,139,360,1,"Rural","Y"
"LP001940","Male","Yes","2","Graduate","No",3153,1560,134,360,1,"Urban","Y"
"LP001945","Female","No","","Graduate","No",5417,0,143,480,0,"Urban","N"
"LP001947","Male","Yes","0","Graduate","No",2383,3334,172,360,1,"Semiurban","Y"
"LP001954","Female","Yes","1","Graduate","No",4666,0,135,360,1,"Urban","Y"
"LP001955","Female","No","0","Graduate","No",5000,2541,151,480,1,"Rural","N"
"LP001963","Male","Yes","1","Graduate","No",2014,2925,113,360,1,"Urban","N"
"LP001964","Male","Yes","0","Not Graduate","No",1800,2934,93,360,0,"Urban","N"
"LP001972","Male","Yes","","Not Graduate","No",2875,1750,105,360,1,"Semiurban","Y"
"LP001977","Male","Yes","1","Graduate","No",1625,1803,96,360,1,"Urban","Y"
"LP001990","Male","No","0","Not Graduate","No",2000,0,NA,360,1,"Urban","N"
"LP001993","Female","No","0","Graduate","No",3762,1666,135,360,1,"Rural","Y"
"LP001994","Female","No","0","Graduate","No",2400,1863,104,360,0,"Urban","N"
"LP002002","Female","No","0","Graduate","No",2917,0,84,360,1,"Semiurban","Y"
"LP002004","Male","No","0","Not Graduate","No",2927,2405,111,360,1,"Semiurban","Y"
"LP002006","Female","No","0","Graduate","No",2507,0,56,360,1,"Rural","Y"
"LP002008","Male","Yes","2","Graduate","Yes",5746,0,144,84,NA,"Rural","Y"
"LP002024","","Yes","0","Graduate","No",2473,1843,159,360,1,"Rural","N"
"LP002035","Male","Yes","2","Graduate","No",3717,0,120,360,1,"Semiurban","Y"
"LP002043","Female","No","1","Graduate","No",3541,0,112,360,NA,"Semiurban","Y"
"LP002050","Male","Yes","1","Graduate","Yes",10000,0,155,360,1,"Rural","N"
"LP002051","Male","Yes","0","Graduate","No",2400,2167,115,360,1,"Semiurban","Y"
"LP002055","Female","No","0","Graduate","No",3166,2985,132,360,NA,"Rural","Y"
"LP002065","Male","Yes","3+","Graduate","No",15000,0,300,360,1,"Rural","Y"
"LP002067","Male","Yes","1","Graduate","Yes",8666,4983,376,360,0,"Rural","N"
"LP002068","Male","No","0","Graduate","No",4917,0,130,360,0,"Rural","Y"
"LP002082","Male","Yes","0","Graduate","Yes",5818,2160,184,360,1,"Semiurban","Y"
"LP002087","Female","No","0","Graduate","No",2500,0,67,360,1,"Urban","Y"
"LP002098","Male","No","0","Graduate","No",2935,0,98,360,1,"Semiurban","Y"
"LP002100","Male","No","","Graduate","No",2833,0,71,360,1,"Urban","Y"
"LP002101","Male","Yes","0","Graduate","",63337,0,490,180,1,"Urban","Y"
"LP002110","Male","Yes","1","Graduate","",5250,688,160,360,1,"Rural","Y"
"LP002112","Male","Yes","2","Graduate","Yes",2500,4600,176,360,1,"Rural","Y"
"LP002113","Female","No","3+","Not Graduate","No",1830,0,NA,360,0,"Urban","N"
"LP002114","Female","No","0","Graduate","No",4160,0,71,360,1,"Semiurban","Y"
"LP002115","Male","Yes","3+","Not Graduate","No",2647,1587,173,360,1,"Rural","N"
"LP002119","Male","Yes","1","Not Graduate","No",4554,1229,158,360,1,"Urban","Y"
"LP002128","Male","Yes","2","Graduate","",2583,2330,125,360,1,"Rural","Y"
"LP002129","Male","Yes","0","Graduate","No",2499,2458,160,360,1,"Semiurban","Y"
"LP002130","Male","Yes","","Not Graduate","No",3523,3230,152,360,0,"Rural","N"
"LP002138","Male","Yes","0","Graduate","No",2625,6250,187,360,1,"Rural","Y"
"LP002139","Male","Yes","0","Graduate","No",9083,0,228,360,1,"Semiurban","Y"
"LP002140","Male","No","0","Graduate","No",8750,4167,308,360,1,"Rural","N"
"LP002141","Male","Yes","3+","Graduate","No",2666,2083,95,360,1,"Rural","Y"
"LP002142","Female","Yes","0","Graduate","Yes",5500,0,105,360,0,"Rural","N"
"LP002144","Female","No","","Graduate","No",3813,0,116,180,1,"Urban","Y"
"LP002151","Male","Yes","1","Graduate","No",3875,0,67,360,1,"Urban","N"
"LP002158","Male","Yes","0","Not Graduate","No",3000,1666,100,480,0,"Urban","N"
"LP002160","Male","Yes","3+","Graduate","No",5167,3167,200,360,1,"Semiurban","Y"
"LP002175","Male","Yes","0","Graduate","No",4750,2333,130,360,1,"Urban","Y"
"LP002178","Male","Yes","0","Graduate","No",3013,3033,95,300,NA,"Urban","Y"
"LP002180","Male","No","0","Graduate","Yes",6822,0,141,360,1,"Rural","Y"
"LP002181","Male","No","0","Not Graduate","No",6216,0,133,360,1,"Rural","N"
"LP002187","Male","No","0","Graduate","No",2500,0,96,480,1,"Semiurban","N"
"LP002190","Male","Yes","1","Graduate","No",6325,0,175,360,1,"Semiurban","Y"
"LP002194","Female","No","0","Graduate","Yes",15759,0,55,360,1,"Semiurban","Y"
"LP002197","Male","Yes","2","Graduate","No",5185,0,155,360,1,"Semiurban","Y"
"LP002201","Male","Yes","2","Graduate","Yes",9323,7873,380,300,1,"Rural","Y"
"LP002211","Male","Yes","0","Graduate","No",4817,923,120,180,1,"Urban","Y"
"LP002219","Male","Yes","3+","Graduate","No",8750,4996,130,360,1,"Rural","Y"
"LP002223","Male","Yes","0","Graduate","No",4310,0,130,360,NA,"Semiurban","Y"
"LP002224","Male","No","0","Graduate","No",3069,0,71,480,1,"Urban","N"
"LP002225","Male","Yes","2","Graduate","No",5391,0,130,360,1,"Urban","Y"
"LP002229","Male","No","0","Graduate","No",5941,4232,296,360,1,"Semiurban","Y"
"LP002234","Male","No","0","Graduate","Yes",7167,0,128,360,1,"Urban","Y"
"LP002236","Male","Yes","2","Graduate","No",4566,0,100,360,1,"Urban","N"
"LP002237","Male","No","1","Graduate","",3667,0,113,180,1,"Urban","Y"
"LP002244","Male","Yes","0","Graduate","No",2333,2417,136,360,1,"Urban","Y"
"LP002250","Male","Yes","0","Graduate","No",5488,0,125,360,1,"Rural","Y"
"LP002255","Male","No","3+","Graduate","No",9167,0,185,360,1,"Rural","Y"
"LP002262","Male","Yes","3+","Graduate","No",9504,0,275,360,1,"Rural","Y"
"LP002263","Male","Yes","0","Graduate","No",2583,2115,120,360,NA,"Urban","Y"
"LP002266","Male","Yes","2","Graduate","No",3100,1400,113,360,1,"Urban","Y"
"LP002277","Female","No","0","Graduate","No",3180,0,71,360,0,"Urban","N"
"LP002281","Male","Yes","0","Graduate","No",3033,1459,95,360,1,"Urban","Y"
"LP002284","Male","No","0","Not Graduate","No",3902,1666,109,360,1,"Rural","Y"
"LP002296","Male","No","0","Not Graduate","No",2755,0,65,300,1,"Rural","N"
"LP002297","Male","No","0","Graduate","No",2500,20000,103,360,1,"Semiurban","Y"
"LP002300","Female","No","0","Not Graduate","No",1963,0,53,360,1,"Semiurban","Y"
"LP002301","Female","No","0","Graduate","Yes",7441,0,194,360,1,"Rural","N"
"LP002305","Female","No","0","Graduate","No",4547,0,115,360,1,"Semiurban","Y"
"LP002314","Female","No","0","Not Graduate","No",2213,0,66,360,1,"Rural","Y"
"LP002317","Male","Yes","3+","Graduate","No",81000,0,360,360,0,"Rural","N"
"LP002318","Female","No","1","Not Graduate","Yes",3867,0,62,360,1,"Semiurban","N"
"LP002319","Male","Yes","0","Graduate","",6256,0,160,360,NA,"Urban","Y"
"LP002335","Female","Yes","0","Not Graduate","No",2149,3237,178,360,0,"Semiurban","N"
"LP002337","Female","No","0","Graduate","No",2995,0,60,360,1,"Urban","Y"
"LP002341","Female","No","1","Graduate","No",2600,0,160,360,1,"Urban","N"
"LP002342","Male","Yes","2","Graduate","Yes",1600,20000,239,360,1,"Urban","N"
"LP002345","Male","Yes","0","Graduate","No",1025,2773,112,360,1,"Rural","Y"
"LP002348","Male","Yes","0","Graduate","No",5829,0,138,360,1,"Rural","Y"
"LP002361","Male","Yes","0","Graduate","No",1820,1719,100,360,1,"Urban","Y"
"LP002362","Male","Yes","1","Graduate","No",7250,1667,110,NA,0,"Urban","N"
"LP002364","Male","Yes","0","Graduate","No",14880,0,96,360,1,"Semiurban","Y"
"LP002368","Male","Yes","2","Graduate","No",5935,0,133,360,1,"Semiurban","Y"
"LP002369","Male","Yes","0","Graduate","No",2920,16.12000084,87,360,1,"Rural","Y"
"LP002370","Male","No","0","Not Graduate","No",2717,0,60,180,1,"Urban","Y"
"LP002377","Female","No","1","Graduate","Yes",8624,0,150,360,1,"Semiurban","Y"
"LP002379","Male","No","0","Graduate","No",6500,0,105,360,0,"Rural","N"
"LP002387","Male","Yes","0","Graduate","No",2425,2340,143,360,1,"Semiurban","Y"
"LP002393","Female","","","Graduate","No",10047,0,NA,240,1,"Semiurban","Y"
"LP002398","Male","No","0","Graduate","No",1926,1851,50,360,1,"Semiurban","Y"
"LP002401","Male","Yes","0","Graduate","No",2213,1125,NA,360,1,"Urban","Y"
"LP002408","Male","No","0","Graduate","No",3660,5064,187,360,1,"Semiurban","Y"
"LP002409","Male","Yes","0","Graduate","No",7901,1833,180,360,1,"Rural","Y"
"LP002418","Male","No","3+","Not Graduate","No",4707,1993,148,360,1,"Semiurban","Y"
"LP002422","Male","No","1","Graduate","No",37719,0,152,360,1,"Semiurban","Y"
"LP002424","Male","Yes","0","Graduate","No",7333,8333,175,300,NA,"Rural","Y"
"LP002434","Male","Yes","2","Not Graduate","No",4652,0,110,360,1,"Rural","Y"
"LP002443","Male","Yes","2","Graduate","No",3340,1710,150,360,0,"Rural","N"
"LP002444","Male","No","1","Not Graduate","Yes",2769,1542,190,360,NA,"Semiurban","N"
"LP002446","Male","Yes","2","Not Graduate","No",2309,1255,125,360,0,"Rural","N"
"LP002449","Male","Yes","0","Graduate","No",2483,2466,90,180,0,"Rural","Y"
"LP002453","Male","No","0","Graduate","Yes",7085,0,84,360,1,"Semiurban","Y"
"LP002455","Male","Yes","2","Graduate","No",3859,0,96,360,1,"Semiurban","Y"
"LP002459","Male","Yes","0","Graduate","No",4301,0,118,360,1,"Urban","Y"
"LP002467","Male","Yes","0","Graduate","No",3708,2569,173,360,1,"Urban","N"
"LP002473","Male","Yes","0","Graduate","No",8334,0,160,360,1,"Semiurban","N"
"LP002484","Male","Yes","3+","Graduate","No",7740,0,128,180,1,"Urban","Y"
"LP002487","Male","Yes","0","Graduate","No",3015,2188,153,360,1,"Rural","Y"
"LP002489","Female","No","1","Not Graduate","",5191,0,132,360,1,"Semiurban","Y"
"LP002500","Male","Yes","3+","Not Graduate","No",2947,1664,70,180,0,"Urban","N"
"LP002501","","Yes","0","Graduate","No",16692,0,110,360,1,"Semiurban","Y"
"LP002502","Female","Yes","2","Not Graduate","",210,2917,98,360,1,"Semiurban","Y"
"LP002505","Male","Yes","0","Graduate","No",4333,2451,110,360,1,"Urban","N"
"LP002515","Male","Yes","1","Graduate","Yes",3450,2079,162,360,1,"Semiurban","Y"
"LP002519","Male","Yes","3+","Graduate","No",4691,0,100,360,1,"Semiurban","Y"
"LP002524","Male","No","2","Graduate","No",5532,4648,162,360,1,"Rural","Y"
"LP002527","Male","Yes","2","Graduate","Yes",16525,1014,150,360,1,"Rural","Y"
"LP002529","Male","Yes","2","Graduate","No",6700,1750,230,300,1,"Semiurban","Y"
"LP002533","Male","Yes","2","Graduate","No",2947,1603,NA,360,1,"Urban","N"
"LP002534","Female","No","0","Not Graduate","No",4350,0,154,360,1,"Rural","Y"
"LP002536","Male","Yes","3+","Not Graduate","No",3095,0,113,360,1,"Rural","Y"
"LP002537","Male","Yes","0","Graduate","No",2083,3150,128,360,1,"Semiurban","Y"
"LP002541","Male","Yes","0","Graduate","No",10833,0,234,360,1,"Semiurban","Y"
"LP002544","Male","Yes","1","Not Graduate","No",1958,2436,131,360,1,"Rural","Y"
"LP002547","Male","Yes","1","Graduate","No",18333,0,500,360,1,"Urban","N"
"LP002555","Male","Yes","2","Graduate","Yes",4583,2083,160,360,1,"Semiurban","Y"
"LP002556","Male","No","0","Graduate","No",2435,0,75,360,1,"Urban","N"
"LP002571","Male","No","0","Not Graduate","No",3691,0,110,360,1,"Rural","Y"
"LP002582","Female","No","0","Not Graduate","Yes",17263,0,225,360,1,"Semiurban","Y"
"LP002585","Male","Yes","0","Graduate","No",3597,2157,119,360,0,"Rural","N"
"LP002586","Female","Yes","1","Graduate","No",3326,913,105,84,1,"Semiurban","Y"
"LP002587","Male","Yes","0","Not Graduate","No",2600,1700,107,360,1,"Rural","Y"
"LP002600","Male","Yes","1","Graduate","Yes",2895,0,95,360,1,"Semiurban","Y"
"LP002603","Female","No","0","Graduate","No",645,3683,113,480,1,"Rural","Y"
"LP002606","Female","No","0","Graduate","No",3159,0,100,360,1,"Semiurban","Y"
"LP002615","Male","Yes","2","Graduate","No",4865,5624,208,360,1,"Semiurban","Y"
"LP002622","Male","Yes","2","Graduate","No",3510,4416,243,360,1,"Rural","Y"
"LP002624","Male","Yes","0","Graduate","No",20833,6667,480,360,NA,"Urban","Y"
"LP002625","","No","0","Graduate","No",3583,0,96,360,1,"Urban","N"
"LP002626","Male","Yes","0","Graduate","Yes",2479,3013,188,360,1,"Urban","Y"
"LP002634","Female","No","1","Graduate","No",13262,0,40,360,1,"Urban","Y"
"LP002640","Male","Yes","1","Graduate","No",6065,2004,250,360,1,"Semiurban","Y"
"LP002648","Male","Yes","0","Graduate","No",2130,6666,70,180,1,"Semiurban","N"
"LP002652","Male","No","0","Graduate","No",5815,3666,311,360,1,"Rural","N"
"LP002659","Male","Yes","3+","Graduate","No",3466,3428,150,360,1,"Rural","Y"
"LP002683","Male","No","0","Graduate","No",4683,1915,185,360,1,"Semiurban","N"
"LP002684","Female","No","0","Not Graduate","No",3400,0,95,360,1,"Rural","N"
"LP002689","Male","Yes","2","Not Graduate","No",2192,1742,45,360,1,"Semiurban","Y"
"LP002690","Male","No","0","Graduate","No",2500,0,55,360,1,"Semiurban","Y"
"LP002692","Male","Yes","3+","Graduate","Yes",5677,1424,100,360,1,"Rural","Y"
"LP002697","Male","No","0","Graduate","No",4680,2087,NA,360,1,"Semiurban","N"
"LP002705","Male","Yes","0","Graduate","No",3775,0,110,360,1,"Semiurban","Y"
"LP002706","Male","Yes","1","Not Graduate","No",5285,1430,161,360,0,"Semiurban","Y"
"LP002714","Male","No","1","Not Graduate","No",2679,1302,94,360,1,"Semiurban","Y"
"LP002720","Male","Yes","3+","Graduate","No",4281,0,100,360,1,"Urban","Y"
"LP002723","Male","No","2","Graduate","No",3588,0,110,360,0,"Rural","N"
"LP002729","Male","No","1","Graduate","No",11250,0,196,360,NA,"Semiurban","N"
"LP002731","Female","No","0","Not Graduate","Yes",18165,0,125,360,1,"Urban","Y"
"LP002732","Male","No","0","Not Graduate","",2550,2042,126,360,1,"Rural","Y"
"LP002738","Male","No","2","Graduate","No",3617,0,107,360,1,"Semiurban","Y"
"LP002740","Male","Yes","3+","Graduate","No",6417,0,157,180,1,"Rural","Y"
"LP002741","Female","Yes","1","Graduate","No",4608,2845,140,180,1,"Semiurban","Y"
"LP002743","Female","No","0","Graduate","No",2138,0,99,360,0,"Semiurban","N"
"LP002757","Female","Yes","0","Not Graduate","No",3017,663,102,360,NA,"Semiurban","Y"
"LP002767","Male","Yes","0","Graduate","No",2768,1950,155,360,1,"Rural","Y"
"LP002768","Male","No","0","Not Graduate","No",3358,0,80,36,1,"Semiurban","N"
"LP002772","Male","No","0","Graduate","No",2526,1783,145,360,1,"Rural","Y"
"LP002776","Female","No","0","Graduate","No",5000,0,103,360,0,"Semiurban","N"
"LP002778","Male","Yes","2","Graduate","Yes",6633,0,NA,360,0,"Rural","N"
"LP002785","Male","Yes","1","Graduate","No",3333,3250,158,360,1,"Urban","Y"
"LP002788","Male","Yes","0","Not Graduate","No",2454,2333,181,360,0,"Urban","N"
"LP002789","Male","Yes","0","Graduate","No",3593,4266,132,180,0,"Rural","N"
"LP002795","Male","Yes","3+","Graduate","Yes",10139,0,260,360,1,"Semiurban","Y"
"LP002798","Male","Yes","0","Graduate","No",3887,2669,162,360,1,"Semiurban","Y"
"LP002804","Female","Yes","0","Graduate","No",4180,2306,182,360,1,"Semiurban","Y"
"LP002807","Male","Yes","2","Not Graduate","No",3675,242,108,360,1,"Semiurban","Y"
"LP002813","Female","Yes","1","Graduate","Yes",19484,0,600,360,1,"Semiurban","Y"
"LP002821","Male","No","0","Not Graduate","Yes",5800,0,132,360,1,"Semiurban","Y"
"LP002833","Male","Yes","0","Not Graduate","No",4467,0,120,360,NA,"Rural","Y"
"LP002836","Male","No","0","Graduate","No",3333,0,70,360,1,"Urban","Y"
"LP002837","Male","Yes","3+","Graduate","No",3400,2500,123,360,0,"Rural","N"
"LP002842","Male","Yes","1","Graduate","No",3417,1750,186,360,1,"Urban","Y"
"LP002847","Male","Yes","","Graduate","No",5116,1451,165,360,0,"Urban","N"
"LP002855","Male","Yes","2","Graduate","No",16666,0,275,360,1,"Urban","Y"
"LP002862","Male","Yes","2","Not Graduate","No",6125,1625,187,480,1,"Semiurban","N"
"LP002863","Male","Yes","3+","Graduate","No",6406,0,150,360,1,"Semiurban","N"
"LP002872","","Yes","0","Graduate","No",3087,2210,136,360,0,"Semiurban","N"
"LP002877","Male","Yes","1","Graduate","No",1782,2232,107,360,1,"Rural","Y"
"LP002888","Male","No","0","Graduate","",3182,2917,161,360,1,"Urban","Y"
"LP002892","Male","Yes","2","Graduate","No",6540,0,205,360,1,"Semiurban","Y"
"LP002898","Male","Yes","1","Graduate","No",1880,0,61,360,NA,"Rural","N"
"LP002911","Male","Yes","1","Graduate","No",2787,1917,146,360,0,"Rural","N"
"LP002912","Male","Yes","1","Graduate","No",4283,3000,172,84,1,"Rural","N"
"LP002916","Male","Yes","0","Graduate","No",2297,1522,104,360,1,"Urban","Y"
"LP002917","Female","No","0","Not Graduate","No",2165,0,70,360,1,"Semiurban","Y"
"LP002926","Male","Yes","2","Graduate","Yes",2726,0,106,360,0,"Semiurban","N"
"LP002931","Male","Yes","2","Graduate","Yes",6000,0,205,240,1,"Semiurban","N"
"LP002933","","No","3+","Graduate","Yes",9357,0,292,360,1,"Semiurban","Y"
"LP002936","Male","Yes","0","Graduate","No",3859,3300,142,180,1,"Rural","Y"
"LP002941","Male","Yes","2","Not Graduate","Yes",6383,1000,187,360,1,"Rural","N"
"LP002943","Male","No","","Graduate","No",2987,0,88,360,0,"Semiurban","N"
"LP002945","Male","Yes","0","Graduate","Yes",9963,0,180,360,1,"Rural","Y"
"LP002948","Male","Yes","2","Graduate","No",5780,0,192,360,1,"Urban","Y"
"LP002949","Female","No","3+","Graduate","",416,41667,350,180,NA,"Urban","N"
"LP002953","Male","Yes","3+","Graduate","No",5703,0,128,360,1,"Urban","Y"
"LP002959","Female","Yes","1","Graduate","No",12000,0,496,360,1,"Semiurban","Y"
"LP002960","Male","Yes","0","Not Graduate","No",2400,3800,NA,180,1,"Urban","N"
"LP002961","Male","Yes","1","Graduate","No",3400,2500,173,360,1,"Semiurban","Y"
"LP002978","Female","No","0","Graduate","No",2900,0,71,360,1,"Rural","Y"
"LP002979","Male","Yes","3+","Graduate","No",4106,0,40,180,1,"Rural","Y"
"LP002983","Male","Yes","1","Graduate","No",8072,240,253,360,1,"Urban","Y"
"LP002984","Male","Yes","2","Graduate","No",7583,0,187,360,1,"Urban","Y"
"LP002990","Female","No","0","Graduate","Yes",4583,0,133,360,0,"Semiurban","N"
"LP001022","Male","Yes","1","Graduate","No",3076,1500,126,360,1,"Urban","Y"
"LP001035","Male","Yes","2","Graduate","No",2340,2546,100,360,NA,"Urban","Y"
"LP001051","Male","No","0","Not Graduate","No",3276,0,78,360,1,"Urban","N"
"LP001054","Male","Yes","0","Not Graduate","Yes",2165,3422,152,360,1,"Urban","Y"
"LP001059","Male","Yes","2","Graduate","",13633,0,280,240,1,"Urban","Y"
"LP001067","Male","No","0","Not Graduate","No",2400,2400,123,360,1,"Semiurban","Y"
"LP001078","Male","No","0","Not Graduate","No",3091,0,90,360,1,"Urban","Y"
"LP001082","Male","Yes","1","Graduate","",2185,1516,162,360,1,"Semiurban","Y"
"LP001083","Male","No","3+","Graduate","No",4166,0,40,180,NA,"Urban","Y"
"LP001096","Female","No","0","Graduate","No",4666,0,124,360,1,"Semiurban","Y"
"LP001105","Male","Yes","2","Graduate","No",4583,2916,200,360,1,"Urban","Y"
"LP001107","Male","Yes","3+","Graduate","No",3786,333,126,360,1,"Semiurban","Y"
"LP001108","Male","Yes","0","Graduate","No",9226,7916,300,360,1,"Urban","Y"
"LP001124","Female","No","3+","Not Graduate","No",2083,0,28,180,1,"Urban","Y"
"LP001128","","No","0","Graduate","No",3909,0,101,360,1,"Urban","Y"
"LP001135","Female","No","0","Not Graduate","No",3765,0,125,360,1,"Urban","Y"
"LP001149","Male","Yes","0","Graduate","No",5400,4380,290,360,1,"Urban","Y"
"LP001153","Male","No","0","Graduate","No",0,24000,148,360,0,"Rural","N"
"LP001169","Male","Yes","0","Graduate","No",7500,3750,275,360,1,"Urban","Y"
"LP001176","Male","No","0","Graduate","No",2942,2382,125,180,1,"Urban","Y"
"LP001177","Female","No","0","Not Graduate","No",2478,0,75,360,1,"Semiurban","Y"
"LP001183","Male","Yes","2","Graduate","No",6250,820,192,360,1,"Urban","Y"
"LP001190","Male","Yes","0","Graduate","No",2740,1541,101,360,1,"Urban","Y"
"LP001203","Male","No","0","Graduate","No",3150,0,176,360,0,"Semiurban","N"
"LP001208","Male","Yes","2","Graduate","",7350,4029,185,180,1,"Urban","Y"
"LP001210","Male","Yes","0","Graduate","Yes",2267,2792,90,360,1,"Urban","Y"
"LP001211","Male","No","0","Graduate","Yes",5833,0,116,360,1,"Urban","Y"
"LP001220","Male","Yes","0","Graduate","No",5629,818,100,360,1,"Urban","Y"
"LP001226","Male","Yes","0","Not Graduate","No",1750,2024,90,360,1,"Semiurban","Y"
"LP001230","Male","No","0","Graduate","No",6500,2600,200,360,1,"Semiurban","Y"
"LP001231","Female","No","0","Graduate","No",3666,0,84,360,1,"Urban","Y"
"LP001242","Male","No","0","Not Graduate","No",2356,1902,108,360,1,"Semiurban","Y"
"LP001268","Male","No","0","Graduate","No",6792,3338,187,NA,1,"Urban","Y"
"LP001270","Male","Yes","3+","Not Graduate","Yes",8000,250,187,360,1,"Semiurban","Y"
"LP001284","Male","Yes","1","Graduate","No",2419,1707,124,360,1,"Urban","Y"
"LP001287","","Yes","3+","Not Graduate","No",3500,833,120,360,1,"Semiurban","Y"
"LP001298","Male","Yes","2","Graduate","No",4116,1000,30,180,1,"Urban","Y"
"LP001313","Male","No","0","Graduate","No",2750,0,130,360,0,"Urban","N"
"LP001317","Female","No","0","Not Graduate","No",4402,0,130,360,1,"Rural","Y"
"LP001321","Male","Yes","2","Graduate","No",3613,3539,134,180,1,"Semiurban","Y"
"LP001332","Male","Yes","0","Not Graduate","No",2415,1721,110,360,1,"Semiurban","Y"
"LP001335","Male","Yes","0","Graduate","Yes",7016,292,125,360,1,"Urban","Y"
"LP001338","Female","No","2","Graduate","No",4968,0,189,360,1,"Semiurban","Y"
"LP001347","Female","No","0","Graduate","No",2101,1500,108,360,0,"Rural","N"
"LP001348","Male","Yes","3+","Not Graduate","No",4490,0,125,360,1,"Urban","Y"
"LP001352","Male","Yes","0","Not Graduate","No",4700,0,135,360,0,"Semiurban","N"
"LP001359","Male","Yes","0","Graduate","No",7666,0,187,360,1,"Semiurban","Y"
"LP001361","Male","Yes","0","Graduate","No",2458,5105,188,360,0,"Rural","N"
"LP001366","Female","No","","Graduate","No",3250,0,95,360,1,"Semiurban","Y"
"LP001380","Male","Yes","0","Graduate","Yes",3900,2094,232,360,1,"Rural","Y"
"LP001386","Male","Yes","0","Not Graduate","No",4750,3583,144,360,1,"Semiurban","Y"
"LP001400","Male","No","0","Graduate","No",3583,3435,155,360,1,"Urban","Y"
"LP001407","Male","Yes","0","Graduate","No",3189,2367,186,360,1,"Urban","Y"
"LP001413","Male","No","0","Graduate","Yes",6356,0,50,360,1,"Rural","Y"
"LP001419","Female","Yes","0","Graduate","No",7950,0,185,360,1,"Urban","Y"
"LP001428","Male","Yes","3+","Graduate","No",72529,0,360,360,1,"Urban","Y"
"LP001445","Male","Yes","2","Not Graduate","No",4136,0,149,480,0,"Rural","N"
"LP001446","Male","Yes","0","Graduate","No",8449,0,257,360,1,"Rural","N"
"LP001455","Male","Yes","0","Graduate","No",3571,1917,135,360,1,"Urban","Y"
"LP001466","Male","No","0","Graduate","No",3066,0,95,360,1,"Semiurban","Y"
"LP001471","Male","No","2","Not Graduate","No",3235,2015,77,360,1,"Semiurban","Y"
"LP001472","Female","No","0","Graduate","",5058,0,200,360,1,"Rural","N"
"LP001475","Male","Yes","0","Graduate","Yes",3188,2286,130,360,NA,"Rural","Y"
"LP001486","Male","Yes","1","Graduate","No",4364,2500,185,360,1,"Semiurban","Y"
"LP001496","Male","Yes","1","Graduate","No",4609,2333,123,360,0,"Semiurban","N"
"LP001499","Female","Yes","3+","Graduate","No",6260,0,110,360,1,"Semiurban","Y"
"LP001500","Male","Yes","1","Graduate","No",3333,4200,256,360,1,"Urban","Y"
"LP001527","Male","Yes","3+","Graduate","No",6835,0,188,360,NA,"Semiurban","Y"
"LP001534","Male","No","0","Graduate","No",4452,0,131,360,1,"Rural","Y"
"LP001542","Female","Yes","0","Graduate","No",2262,0,NA,480,0,"Semiurban","N"
"LP001547","Male","Yes","1","Graduate","No",3901,0,116,360,1,"Urban","Y"
"LP001548","Male","Yes","2","Not Graduate","No",2687,0,50,180,1,"Rural","Y"
"LP001561","Female","Yes","0","Graduate","No",3417,1287,200,360,1,"Semiurban","Y"
"LP001567","Male","Yes","3+","Graduate","No",4513,0,120,360,1,"Rural","Y"
"LP001568","Male","Yes","0","Graduate","No",4500,0,140,360,1,"Semiurban","Y"
"LP001573","Male","Yes","0","Not Graduate","No",4523,1350,165,360,1,"Urban","Y"
"LP001589","Female","No","0","Graduate","No",3417,0,102,360,1,"Urban","Y"
"LP001591","Female","Yes","2","Graduate","No",2922,3396,122,360,1,"Semiurban","Y"
"LP001599","Male","Yes","0","Graduate","No",4167,4754,160,360,1,"Rural","Y"
"LP001601","Male","No","3+","Graduate","No",4243,4123,157,360,NA,"Semiurban","Y"
"LP001607","Female","No","0","Not Graduate","No",0,1760,180,360,1,"Semiurban","N"
"LP001613","Female","No","0","Graduate","No",1762,2666,104,360,0,"Urban","N"
"LP001627","Male","No","0","Graduate","No",3125,0,65,360,1,"Urban","Y"
"LP001650","Male","Yes","0","Graduate","No",2333,3803,146,360,1,"Rural","Y"
"LP001651","Male","Yes","3+","Graduate","No",3350,1560,135,360,1,"Urban","Y"
"LP001660","Male","No","0","Graduate","No",4667,0,120,360,1,"Semiurban","Y"
"LP001662","Male","No","0","Graduate","No",6500,0,71,360,0,"Urban","N"
"LP001663","Male","Yes","2","Graduate","No",7500,0,225,360,1,"Urban","Y"
"LP001667","Male","No","0","Graduate","No",3073,0,70,180,1,"Urban","Y"
"LP001695","Male","Yes","1","Not Graduate","No",3321,2088,70,NA,1,"Semiurban","Y"
"LP001718","Male","No","0","Graduate","No",3391,0,132,360,1,"Rural","N"
"LP001735","Female","No","1","Graduate","No",3620,0,90,360,1,"Urban","Y"
"LP001737","Male","No","0","Graduate","No",4000,0,83,84,1,"Urban","Y"
"LP001739","Male","Yes","0","Graduate","No",4258,0,125,360,1,"Urban","Y"
"LP001769","","No","","Graduate","No",3333,1250,110,360,1,"Semiurban","Y"
"LP001771","Female","No","3+","Graduate","No",4083,0,103,360,NA,"Semiurban","Y"
"LP001785","Male","No","0","Graduate","No",4727,0,150,360,0,"Rural","N"
"LP001787","Male","Yes","3+","Graduate","No",3089,2999,100,240,1,"Rural","Y"
"LP001789","Male","Yes","3+","Not Graduate","",6794,528,139,360,0,"Urban","N"
"LP001794","Male","Yes","2","Graduate","Yes",10890,0,260,12,1,"Rural","Y"
"LP001815","Male","No","0","Not Graduate","No",3276,0,90,360,1,"Semiurban","Y"
"LP001817","Male","No","0","Not Graduate","Yes",8703,0,199,360,0,"Rural","N"
"LP001818","Male","Yes","1","Graduate","No",4742,717,139,360,1,"Semiurban","Y"
"LP001831","Male","Yes","0","Graduate","No",2783,1456,113,360,1,"Urban","Y"
"LP001842","Male","No","0","Graduate","No",5000,0,148,360,1,"Rural","Y"
"LP001853","Male","Yes","1","Not Graduate","No",2463,2360,117,360,0,"Urban","N"
"LP001855","Male","Yes","2","Graduate","No",4855,0,72,360,1,"Rural","Y"
"LP001857","Male","No","0","Not Graduate","Yes",1599,2474,125,300,1,"Semiurban","Y"
"LP001867","Male","Yes","0","Graduate","No",4333,2291,133,350,1,"Rural","N"
"LP001881","Male","Yes","0","Not Graduate","No",7895,0,143,360,1,"Rural","N"
"LP001886","Male","No","0","Graduate","No",4150,4256,209,360,1,"Rural","Y"
"LP001906","Male","No","0","Graduate","",2964,0,84,360,0,"Semiurban","N"
"LP001921","Male","No","1","Graduate","No",3180,2370,80,240,NA,"Rural","Y"
"LP001923","Male","No","0","Not Graduate","No",2268,0,170,360,0,"Semiurban","N"
"LP001933","Male","No","2","Not Graduate","No",1141,2017,120,360,0,"Urban","N"
"LP001943","Male","Yes","0","Graduate","No",3042,3167,135,360,1,"Urban","Y"
"LP001950","Female","Yes","3+","Graduate","",1750,2935,94,360,0,"Semiurban","N"
"LP001961","Female","No","0","Graduate","No",3958,0,110,360,1,"Rural","Y"
"LP001975","Male","Yes","0","Graduate","No",5225,0,143,360,1,"Rural","N"
"LP001979","Male","No","0","Graduate","No",3017,2845,159,180,0,"Urban","N"
"LP001995","Male","Yes","0","Not Graduate","No",2431,1820,110,360,0,"Rural","N"
"LP002009","Female","No","0","Graduate","No",2918,0,65,360,NA,"Rural","Y"
"LP002016","Male","Yes","2","Graduate","No",5128,0,143,360,1,"Rural","Y"
"LP002017","Male","Yes","3+","Graduate","No",15312,0,187,360,NA,"Urban","Y"
"LP002018","Male","Yes","2","Graduate","No",3958,2632,160,360,1,"Semiurban","Y"
"LP002027","Male","Yes","0","Graduate","No",4334,2945,165,360,1,"Semiurban","Y"
"LP002042","Female","Yes","1","Graduate","No",4000,3917,173,360,1,"Rural","Y"
"LP002046","Male","Yes","0","Not Graduate","No",4483,0,135,360,NA,"Semiurban","Y"
"LP002047","Male","Yes","2","Not Graduate","No",4521,1184,150,360,1,"Semiurban","Y"
"LP002056","Male","Yes","2","Graduate","No",9167,0,235,360,1,"Semiurban","Y"
"LP002062","Female","Yes","1","Graduate","No",4333,0,132,84,1,"Rural","Y"
"LP002064","Male","No","0","Graduate","No",4083,0,96,360,1,"Urban","Y"
"LP002069","Male","Yes","2","Not Graduate","",3785,2912,180,360,0,"Rural","N"
"LP002070","Male","Yes","3+","Not Graduate","No",2654,1998,128,360,0,"Rural","N"
"LP002077","Male","Yes","1","Graduate","No",10000,2690,412,360,1,"Semiurban","N"
"LP002090","Male","Yes","1","Graduate","No",4796,0,114,360,0,"Semiurban","N"
"LP002099","Male","Yes","2","Graduate","No",2540,700,104,360,0,"Urban","N"
"LP002102","Male","Yes","0","Graduate","Yes",1900,1442,88,360,1,"Rural","Y"
"LP002105","Male","Yes","0","Graduate","Yes",8706,0,108,480,1,"Rural","Y"
"LP002117","Female","Yes","0","Graduate","No",3159,2374,108,360,1,"Semiurban","Y"
"LP002118","Female","No","0","Graduate","No",1937,1152,78,360,1,"Semiurban","Y"
"LP002123","Male","Yes","0","Graduate","No",2613,2417,123,360,1,"Semiurban","Y"
"LP002125","Male","Yes","1","Graduate","No",4960,2600,187,360,1,"Semiurban","Y"
"LP002148","Male","Yes","1","Graduate","No",3074,1083,146,360,1,"Semiurban","Y"
"LP002165","","No","1","Not Graduate","No",2038,4027,100,360,1,"Rural","Y"
"LP002168","Male","No","0","Graduate","No",5333,2400,200,360,0,"Rural","N"
"LP002172","Male","Yes","3+","Graduate","Yes",5384,0,150,360,1,"Semiurban","Y"
"LP002176","Male","No","0","Graduate","No",5708,0,150,360,1,"Rural","Y"
"LP002186","Male","Yes","0","Not Graduate","No",2747,2458,118,36,1,"Semiurban","Y"
"LP002192","Male","Yes","0","Graduate","No",7830,2183,212,360,1,"Rural","Y"
"LP002195","Male","Yes","1","Graduate","Yes",3507,3148,212,360,1,"Rural","Y"
"LP002208","Male","Yes","1","Graduate","No",3747,2139,125,360,1,"Urban","Y"
"LP002212","Male","Yes","0","Graduate","No",2166,2166,108,360,NA,"Urban","Y"
"LP002245","Male","Yes","2","Not Graduate","No",2896,0,80,480,1,"Urban","Y"
"LP002256","Female","No","2","Graduate","Yes",5184,0,187,360,0,"Semiurban","N"
"LP002257","Female","No","0","Graduate","No",2545,0,74,360,1,"Urban","Y"
"LP002264","Male","Yes","0","Graduate","No",2553,1768,102,360,1,"Urban","Y"
"LP002286","Male","Yes","3+","Not Graduate","No",5180,0,125,360,0,"Urban","N"
"LP002294","Male","No","0","Graduate","No",14911,14507,130,360,1,"Semiurban","Y"
"LP002298","","No","0","Graduate","Yes",2860,2988,138,360,1,"Urban","Y"
"LP002306","Male","Yes","0","Graduate","No",1173,1594,28,180,1,"Rural","Y"
"LP002310","Female","No","1","Graduate","No",7600,0,92,360,1,"Semiurban","Y"
"LP002316","Male","No","0","Graduate","No",2231,2774,176,360,0,"Urban","N"
"LP002325","Male","Yes","2","Not Graduate","No",6166,13983,102,360,1,"Rural","Y"
"LP002326","Male","Yes","2","Not Graduate","No",2513,1110,107,360,1,"Semiurban","Y"
"LP002329","Male","No","0","Graduate","No",4333,0,66,480,1,"Urban","N"
"LP002344","Male","Yes","0","Graduate","No",3510,828,105,360,1,"Semiurban","Y"
"LP002346","Male","Yes","0","Graduate","",2539,1704,125,360,0,"Rural","N"
"LP002354","Female","No","0","Not Graduate","No",2107,0,64,360,1,"Semiurban","Y"
"LP002355","","Yes","0","Graduate","No",3186,3145,150,180,0,"Semiurban","N"
"LP002358","Male","Yes","2","Graduate","Yes",5000,2166,150,360,1,"Urban","Y"
"LP002375","Male","Yes","0","Not Graduate","Yes",3943,0,64,360,1,"Semiurban","Y"
"LP002383","Male","Yes","3+","Graduate","No",3242,437,142,480,0,"Urban","N"
"LP002385","Male","Yes","","Graduate","No",3863,0,70,300,1,"Semiurban","Y"
"LP002389","Female","No","1","Graduate","No",4028,0,131,360,1,"Semiurban","Y"
"LP002399","Male","No","0","Graduate","",2858,0,123,360,0,"Rural","N"
"LP002400","Female","Yes","0","Graduate","No",3833,0,92,360,1,"Rural","Y"
"LP002402","Male","Yes","0","Graduate","No",3333,4288,160,360,1,"Urban","Y"
"LP002412","Male","Yes","0","Graduate","No",3007,3725,151,360,1,"Rural","Y"
"LP002415","Female","No","1","Graduate","",1850,4583,81,360,NA,"Rural","N"
"LP002420","Male","Yes","0","Graduate","No",2982,1550,110,360,1,"Semiurban","Y"
"LP002433","Male","Yes","1","Graduate","No",18840,0,234,360,1,"Rural","Y"
"LP002440","Male","Yes","2","Graduate","No",2995,1120,184,360,1,"Rural","Y"
"LP002441","Male","No","","Graduate","No",3579,3308,138,360,NA,"Semiurban","Y"
"LP002450","Male","Yes","2","Graduate","No",5833,750,49,360,0,"Rural","N"
"LP002471","Male","No","0","Graduate","No",3508,0,99,360,1,"Rural","N"
"LP002476","Female","Yes","3+","Not Graduate","No",1635,2444,99,360,1,"Urban","Y"
"LP002482","Female","No","0","Graduate","Yes",3333,3916,212,360,1,"Rural","Y"
"LP002485","Male","No","1","Graduate","No",24797,0,240,360,1,"Semiurban","Y"
"LP002496","Female","No","0","Graduate","No",3500,0,94,360,0,"Semiurban","N"
"LP002542","Male","Yes","0","Graduate","",6500,0,144,360,1,"Urban","Y"
"LP002550","Female","No","0","Graduate","No",5769,0,110,180,1,"Semiurban","Y"
"LP002551","Male","Yes","3+","Not Graduate","",3634,910,176,360,0,"Semiurban","N"
"LP002561","Male","Yes","0","Graduate","No",5000,0,126,360,1,"Rural","Y"
"LP002566","Female","No","0","Graduate","No",5530,0,135,360,NA,"Urban","Y"
"LP002568","Male","No","0","Not Graduate","No",9000,0,122,360,1,"Rural","Y"
"LP002570","Female","Yes","2","Graduate","No",10000,11666,460,360,1,"Urban","Y"
"LP002572","Male","Yes","1","Graduate","",8750,0,297,360,1,"Urban","Y"
"LP002584","Male","No","0","Graduate","",1972,4347,106,360,1,"Rural","Y"
"LP002593","Male","Yes","1","Graduate","No",8333,4000,NA,360,1,"Urban","Y"
"LP002599","Male","Yes","0","Graduate","No",3667,2000,170,360,1,"Semiurban","Y"
"LP002604","Male","Yes","2","Graduate","No",3166,2833,145,360,1,"Urban","Y"
"LP002610","Male","Yes","1","Not Graduate","",1792,2565,128,360,1,"Urban","Y"
"LP002612","Female","Yes","0","Graduate","No",2666,0,84,480,1,"Semiurban","Y"
"LP002614","","No","0","Graduate","No",6478,0,108,360,1,"Semiurban","Y"
"LP002630","Male","No","0","Not Graduate","",3808,0,83,360,1,"Rural","N"
"LP002635","Female","Yes","2","Not Graduate","No",3729,0,117,360,1,"Semiurban","Y"
"LP002644","Male","Yes","1","Graduate","Yes",7500,0,75,360,1,"Urban","Y"
"LP002654","Female","No","","Graduate","Yes",14987,0,177,360,1,"Rural","Y"
"LP002657","","Yes","1","Not Graduate","Yes",570,2125,68,360,1,"Rural","Y"
"LP002711","Male","Yes","0","Graduate","No",2600,700,96,360,1,"Semiurban","Y"
"LP002735","Male","Yes","2","Not Graduate","No",3859,0,121,360,1,"Rural","Y"
"LP002744","Male","Yes","1","Graduate","No",6825,0,162,360,1,"Rural","Y"
"LP002745","Male","Yes","0","Graduate","No",3708,4700,132,360,1,"Semiurban","Y"
"LP002746","Male","No","0","Graduate","No",5314,0,147,360,1,"Urban","Y"
"LP002747","Female","No","3+","Graduate","No",2366,5272,153,360,0,"Rural","N"
"LP002759","Male","Yes","2","Graduate","No",5000,0,149,360,1,"Rural","Y"
"LP002766","Female","Yes","0","Graduate","No",7859,879,165,180,1,"Semiurban","Y"
"LP002769","Female","Yes","0","Graduate","No",4283,0,120,360,1,"Rural","Y"
"LP002774","Male","Yes","0","Not Graduate","No",1700,2900,67,360,0,"Urban","N"
"LP002782","Male","Yes","1","Graduate","No",2667,1542,148,360,1,"Rural","Y"
"LP002786","Female","Yes","0","Not Graduate","No",1647,1762,181,360,1,"Urban","Y"
"LP002790","Male","Yes","3+","Graduate","No",3400,0,80,120,1,"Urban","Y"
"LP002791","Male","No","1","Graduate","",16000,5000,40,360,1,"Semiurban","Y"
"LP002793","Male","Yes","0","Graduate","No",5333,0,90,360,1,"Rural","Y"
"LP002803","Male","Yes","1","Not Graduate","",2600,618,122,360,1,"Semiurban","Y"
"LP002806","Male","Yes","3+","Graduate","Yes",6958,1411,150,360,1,"Rural","Y"
"LP002816","Male","Yes","1","Graduate","No",3500,1658,104,360,NA,"Semiurban","Y"
"LP002823","Male","Yes","0","Graduate","No",5509,0,143,360,1,"Rural","Y"
"LP002843","Female","Yes","0","Graduate","No",4709,0,113,360,1,"Semiurban","Y"
"LP002849","Male","Yes","0","Graduate","No",1516,1951,35,360,1,"Semiurban","Y"
"LP002850","Male","No","2","Graduate","No",2400,0,46,360,1,"Urban","Y"
"LP002853","Female","No","0","Not Graduate","No",3015,2000,145,360,NA,"Urban","Y"
"LP002856","Male","Yes","0","Graduate","No",2292,1558,119,360,1,"Urban","Y"
"LP002858","Female","No","0","Graduate","No",4333,2333,162,360,0,"Rural","N"
"LP002867","Male","No","0","Graduate","Yes",3972,4275,187,360,1,"Rural","Y"
"LP002869","Male","Yes","3+","Not Graduate","No",3522,0,81,180,1,"Rural","N"
"LP002870","Male","Yes","1","Graduate","No",4700,0,80,360,1,"Urban","Y"
"LP002879","Male","Yes","0","Graduate","No",3391,1966,133,360,0,"Rural","N"
"LP002885","Male","No","0","Not Graduate","No",2868,0,70,360,1,"Urban","Y"
"LP002890","Male","Yes","2","Not Graduate","No",3418,1380,135,360,1,"Urban","Y"
"LP002891","Male","Yes","0","Graduate","Yes",2500,296,137,300,1,"Rural","Y"
"LP002899","Male","Yes","2","Graduate","No",8667,0,254,360,1,"Rural","Y"
"LP002907","Male","Yes","0","Graduate","No",5817,910,109,360,1,"Urban","Y"
"LP002921","Male","Yes","3+","Not Graduate","No",5316,187,158,180,0,"Semiurban","Y"
"LP002932","Male","Yes","3+","Graduate","No",7603,1213,197,360,1,"Urban","Y"
"LP002935","Male","Yes","1","Graduate","No",3791,1936,85,360,1,"Urban","Y"
"LP002962","Male","No","0","Graduate","No",4000,2667,152,360,1,"Semiurban","Y"
"LP002965","Female","Yes","0","Graduate","No",8550,4255,96,360,NA,"Urban","Y"
"LP002969","Male","Yes","1","Graduate","No",2269,2167,99,360,1,"Semiurban","Y"
"LP002971","Male","Yes","3+","Not Graduate","Yes",4009,1777,113,360,1,"Urban","Y"
"LP002975","Male","Yes","0","Graduate","No",4158,709,115,360,1,"Urban","Y"
"LP002986","Male","Yes","0","Graduate","No",5000,2393,158,360,1,"Rural","N"
